message,Greeting & Introduction,Understanding the Issue,Empathy,Clarity of Response,Resolution Provided,Response Time,Professionalism & Politeness,Follow-up Provided
"Hello, I'm having trouble logging into my account.",,1,,1,,,1,
Thank you for reaching out! Could you provide more details about the issue?,1,,,1,,,1,
"Whenever I enter my password, I receive an error message.",,1,,,,,,
I see. Have you tried resetting your password?,,,,1,,,,
"Yes, I have, but I still can't log in.",,,,,,,,
I understand. Let me check your account. Please hold on for a moment.,,,1,1,,,1,
Thanks for your patience. Your account has been fixed. Please try logging in now.,,,,1,1,,1,
"I tried, and it's working now! Thanks a lot!",,,,,,,,
You're welcome! Let us know if you need further assistance.,,,,1,,,1,1
"Hi, I need help canceling my subscription.",1,1,,,,,,
I can assist with that. May I know your subscription ID?,1,1,,1,1,1,1,
My subscription ID is 12345. I want to cancel before the next billing cycle.,,1,1,1,1,1,1,
Got it! Your subscription has been canceled. You won’t be charged next month.,,,,,,,,
Thanks for the quick response!,,,,,,,,
You're very welcome! Have a great day!,,,,,,,,
"Hey, I received a damaged product in my order. What should I do?",,,,,,,,
I'm sorry to hear that. Could you share your order number?,,,,,,,,
Sure! It's #98765. The item is broken.,,,,,,,,
I understand. We'll send a replacement. Would you like a refund instead?,,,,,,,,
A replacement works fine for me. Thank you!,,,,,,,,
You're welcome! Your new item will arrive in 3-5 days.,,,,1,1,,1,
My internet is running very slow. Can you check?,,1,,,,,,
I apologize for the inconvenience. I’ll run diagnostics on your connection.,,,1,1,,,1,
It seems like there’s a temporary outage in your area. It should be resolved within 2 hours.,,1,,1,1,,1,
"Alright, thanks for the update.",,,,,,,1,
No problem! Let us know if the issue persists.,,,,1,,,1,1
"Hi, I want to update my payment method.",1,1,,,,,1,
Sure! You can update your payment details in your account settings.,,1,,1,1,,1,
"I tried, but I’m getting an error.",,1,,,,,,
I’ll look into that. What error message are you seeing?,,1,,1,,,1,
It says 'Invalid card details'.,,1,,1,,,1,
I see. Please ensure your card details are correct and try again.,,,,1,,,1,
"I double-checked, but it's still not working.",,,,1,1,,1,
Let me escalate this to our billing team. They will contact you shortly.,,,,1,,,1,
"Okay, thanks for your help!",,,,1,,,1,
You're welcome! Have a great day!,1,,,,,,1,
"Hello, I need help setting up my new router.",1,1,,1,,,1,
Of course! Are you experiencing any specific issues during setup?,,,,1,,,1,
"Yes, it’s not connecting to the internet.",,,,,,,,
I see. Have you tried restarting both the router and modem?,,,,,,,,
"Yes, multiple times, but no luck.",,,,1,,,,
Let’s try resetting the router to factory settings. Hold the reset button for 10 seconds.,,,,1,1,,,
That worked! Thank you so much.,,,1,,,,1,
Glad to hear that! Let us know if you need any further assistance.,,,,1,,,1,1
